{"loss": [1.8363401889801025], "accuracy": [0.36980000138282776], "val_loss": [1.5322704315185547], "val_accuracy": [0.45339998602867126]}