{"loss": [1.8307431936264038, 1.2726092338562012], "accuracy": [0.37619999051094055, 0.5426750183105469], "val_loss": [1.7678935527801514, 1.1939857006072998], "val_accuracy": [0.4000000059604645, 0.5831000208854675]}