{"loss": [2.178006887435913], "accuracy": [0.2933500111103058], "val_loss": [1.576156735420227], "val_accuracy": [0.4341000020503998]}