{"loss": [2.158540725708008, 1.6202616691589355, 1.4584825038909912, 1.3529210090637207, 1.2667709589004517, 1.1903424263000488, 1.1335194110870361, 1.0918495655059814, 1.057341456413269, 1.0081441402435303, 0.9773096442222595, 0.9463392496109009, 0.9226459860801697, 0.892768144607544, 0.8680744171142578, 0.8459576368331909, 0.825954020023346, 0.803062915802002, 0.7850937247276306, 0.7736245393753052, 0.7561725974082947, 0.7431818246841431, 0.7257116436958313, 0.7084554433822632, 0.7012560963630676, 0.6914736032485962, 0.6812175512313843, 0.6691988110542297, 0.6540866494178772, 0.6463449001312256, 0.6323989033699036, 0.6255740523338318, 0.6144959926605225, 0.6054719090461731, 0.6006336212158203, 0.5847971439361572, 0.582953929901123, 0.5710965991020203, 0.563456654548645, 0.547953188419342, 0.5435597896575928, 0.5343841910362244, 0.5270938277244568, 0.5271349549293518, 0.5206170082092285, 0.5157747268676758, 0.5064189434051514, 0.49930742383003235, 0.4930949807167053, 0.48448896408081055, 0.482951819896698, 0.47125443816185, 0.462431401014328, 0.46408018469810486, 0.45123621821403503, 0.4473029375076294, 0.44315338134765625, 0.43745264410972595, 0.4348289668560028, 0.42725664377212524, 0.4242875576019287, 0.41654813289642334, 0.4071064293384552, 0.40606409311294556, 0.39985138177871704, 0.3927856683731079, 0.3964816629886627, 0.3824038505554199, 0.3783830404281616, 0.3799588978290558, 0.3747851252555847, 0.3684506118297577, 0.3627127408981323, 0.35885190963745117, 0.3567903935909271, 0.35115355253219604, 0.3437584340572357, 0.3411363661289215, 0.3361080288887024, 0.3314954936504364, 0.3263445794582367, 0.32079678773880005, 0.3186143934726715, 0.3216148018836975, 0.31384900212287903, 0.30993789434432983, 0.309985876083374, 0.305387020111084, 0.30150631070137024, 0.2964876592159271, 0.2922700345516205, 0.29181256890296936, 0.28468847274780273, 0.2729775607585907, 0.2773953378200531, 0.2735351026058197, 0.2731139659881592, 0.2691432237625122, 0.26789507269859314, 0.2597593069076538, 0.2588716447353363, 0.2543307840824127, 0.25769883394241333, 0.25061383843421936, 0.24965061247348785, 0.24877683818340302, 0.24073287844657898, 0.2416849583387375, 0.23671260476112366, 0.23760996758937836, 0.22722692787647247, 0.23203645646572113, 0.23398905992507935, 0.2210666984319687, 0.22157196700572968, 0.21640783548355103, 0.2180354744195938, 0.21640163660049438, 0.21259534358978271, 0.20848795771598816], "accuracy": [0.2900499999523163, 0.40549999475479126, 0.4643000066280365, 0.503600001335144, 0.5391749739646912, 0.5705749988555908, 0.5935249924659729, 0.6099749803543091, 0.6232749819755554, 0.6407250165939331, 0.652999997138977, 0.6638000011444092, 0.6748999953269958, 0.684149980545044, 0.6947749853134155, 0.7014250159263611, 0.7101749777793884, 0.7175999879837036, 0.724049985408783, 0.7271249890327454, 0.7350000143051147, 0.7397249937057495, 0.7470499873161316, 0.7517750263214111, 0.7524999976158142, 0.7583749890327454, 0.7627249956130981, 0.7683249711990356, 0.7703250050544739, 0.7734249830245972, 0.7786499857902527, 0.7805500030517578, 0.7847999930381775, 0.7900000214576721, 0.7902250289916992, 0.7956249713897705, 0.7983999848365784, 0.7981749773025513, 0.8025749921798706, 0.8083750009536743, 0.8109999895095825, 0.8140000104904175, 0.8163250088691711, 0.8152750134468079, 0.8195000290870667, 0.8207749724388123, 0.8225250244140625, 0.8253750205039978, 0.8278999924659729, 0.829925000667572, 0.8326249718666077, 0.8351500034332275, 0.8397250175476074, 0.8377249836921692, 0.8417750000953674, 0.8450750112533569, 0.8438249826431274, 0.8469499945640564, 0.8475499749183655, 0.8521999716758728, 0.8528249859809875, 0.8535749912261963, 0.8575999736785889, 0.859250009059906, 0.8606749773025513, 0.8636000156402588, 0.8622000217437744, 0.8665000200271606, 0.8678500056266785, 0.8666999936103821, 0.8672999739646912, 0.8715500235557556, 0.8729000091552734, 0.8737750053405762, 0.8749250173568726, 0.876924991607666, 0.8797749876976013, 0.879800021648407, 0.881600022315979, 0.8847749829292297, 0.8835999965667725, 0.8881499767303467, 0.88714998960495, 0.8864750266075134, 0.8894000053405762, 0.8912000060081482, 0.8917999863624573, 0.8916749954223633, 0.893625020980835, 0.8954749703407288, 0.8974249958992004, 0.896049976348877, 0.9006999731063843, 0.9032250046730042, 0.901449978351593, 0.9039000272750854, 0.9039250016212463, 0.9064000248908997, 0.9060500264167786, 0.9085249900817871, 0.909974992275238, 0.910224974155426, 0.9089000225067139, 0.9123499989509583, 0.9118499755859375, 0.9120749831199646, 0.9164000153541565, 0.9144750237464905, 0.9164999723434448, 0.9178000092506409, 0.9188500046730042, 0.9177250266075134, 0.9168750047683716, 0.9227499961853027, 0.9215999841690063, 0.9247000217437744, 0.9229000210762024, 0.9240999817848206, 0.9250749945640564, 0.9254000186920166], "val_loss": [2.419651746749878, 1.5003107786178589, 1.348120093345642, 1.4764316082000732, 1.2900989055633545, 1.193464756011963, 1.1230437755584717, 1.0007375478744507, 1.1373828649520874, 1.0635497570037842, 0.9579586982727051, 1.008211374282837, 0.840186357498169, 0.9000335931777954, 0.799934446811676, 0.8294879794120789, 0.8228475451469421, 0.8488239049911499, 0.7414020895957947, 0.7264729738235474, 0.6675715446472168, 0.6915470957756042, 0.6899445652961731, 0.7652258276939392, 0.7051190137863159, 0.691900908946991, 0.6348741054534912, 0.6282668113708496, 0.6376647353172302, 0.625079333782196, 0.6581484079360962, 0.631727933883667, 0.6038376092910767, 0.583339273929596, 0.6156416535377502, 0.6263535618782043, 0.5487083196640015, 0.6202495098114014, 0.5796200633049011, 0.5628491640090942, 0.5743241906166077, 0.5455362796783447, 0.5560492873191833, 0.5568060278892517, 0.5774519443511963, 0.5286634564399719, 0.5965649485588074, 0.5865769982337952, 0.5325178503990173, 0.5343170762062073, 0.5451918840408325, 0.5450707674026489, 0.537986159324646, 0.5323820114135742, 0.6558650135993958, 0.5223603844642639, 0.4988481402397156, 0.5189318656921387, 0.5211171507835388, 0.5229378342628479, 0.4891496002674103, 0.5127620100975037, 0.5021554231643677, 0.5266709327697754, 0.5124072432518005, 0.5781981348991394, 0.48043471574783325, 0.5008698105812073, 0.4859220087528229, 0.456647127866745, 0.474622517824173, 0.4619123935699463, 0.4772893488407135, 0.4878738224506378, 0.48568135499954224, 0.4632372558116913, 0.4885849952697754, 0.47685420513153076, 0.4636327624320984, 0.46290892362594604, 0.4819309115409851, 0.5430331230163574, 0.4825480878353119, 0.48100951313972473, 0.4878750443458557, 0.4818592369556427, 0.4645144045352936, 0.5016072392463684, 0.47346484661102295, 0.4654400050640106, 0.4710940420627594, 0.4894106090068817, 0.49467310309410095, 0.4685872495174408, 0.4756084978580475, 0.49865737557411194, 0.5160671472549438, 0.4978994131088257, 0.46430888772010803, 0.5205356478691101, 0.4931240677833557, 0.4657636284828186, 0.5122084617614746, 0.4629988372325897, 0.5064221024513245, 0.6082090735435486, 0.49347054958343506, 0.45988452434539795, 0.458570659160614, 0.4825570285320282, 0.4903542995452881, 0.49926504492759705, 0.48675718903541565, 0.47476932406425476, 0.5530011653900146, 0.5083029866218567, 0.4875567853450775, 0.48092374205589294, 0.47173911333084106, 0.48168614506721497],