{"loss": [1.4447728395462036], "accuracy": [0.4916499853134155], "val_loss": [1.2789050340652466], "val_accuracy": [0.5461999773979187]}