{"loss": [1.214848518371582], "accuracy": [0.5717499852180481], "val_loss": [1.140613079071045], "val_accuracy": [0.583299994468689]}